﻿1;Camera dei Deputati;1
2;Senato della Repubblica;1
3;Presidenza del Consiglio dei ministri;2
4;Ministero per i rapporti con il Parlamento;2
5;Ministero per la pubblica amministrazione;2
6;Ministero degli affari regionali e le autonomie;2
7;Ministero per la protezione civile e le politiche del mare;2
8;Ministero per per gli affari europei il Sud le politiche di coesione e il PNRR;2
9;Ministero per lo sport e i giovani;2
10;Ministero per la famiglia la natalit├á e le pari opportunit├á;2
11;Ministero per le disabilit├á;2
12;Ministero per le riforme istituzionali e la semplificazione normativa;2
13;Ministero degli Affari esteri e della cooperazione internazionale;2
14;Ministero dell'Interno;2
15;Ministero della Giustizia;2
16;Ministero della Difesa;2
17;Ministero dell'Economia e delle Finanze;2
18;Ministero delle Imprese e del Made in Italy;2
19;Ministero dell'Agricoltura della Sovranit├á Alimentare e delle Foreste;2
20;Ministero dell'Ambiente e della Sicurezza Energetica;2
21;Ministero delle Infrastrutture e dei Trasporti;2
22;Ministero del Lavoro e delle Politiche Sociali;2
23;Ministero dell'Istruzione e del Merito;2
24;Ministero dell'Universit├á e della Ricerca;2
25;Ministero della Cultura;2
26;Ministero del Turismo;2
27;Ministero della Salute;2
28;Parlamentare Europeo;3
29;Energia Approvvigionamento & Materie prime;4
30;Moda;4
31;Servizi finanziari;4
32;Bellezza & Igiene;4
33;Smaltimento rifiuti & Riciclaggio;4
34;Vendita al dettaglio all'ingrosso & E-commerce;4
35;Alimentari & Bevande;4
36;Asset manager;4
37;Prodotti & Componenti industriali;4
38;Prodotti finiti & Beni di consumo;4
39;Impiantistica & Costruzioni;4
40;Holding di investimenti;4
41;Ristorazione & Ho.re.ca;4
42;Banche;4
43;Farmaceutica;4
44;Filiera automotive;4
45;Telecomunicazioni;4
46;Tecnologia & IT;4
47;Trasporti & Logistica;4
48;Sanit├á;4
49;Servizi generali;4
50;Assicurazioni;4
51;Chimica;4
52;Media;4
53;Servizi generali & Assicurazioni;4
54;Universit├á Italiane;5
