﻿1;Aumento delle attività di lotta al cyberbullismo;22;2
2;Aumento delle attività di piazza con partecipazione dei ragazzi;22;4
3;Definizione linee guida per la lotta alla povertà educativa;31;2
4;Aumento processi che prevedono la partecipazione dei ragazzi;31;4
5;Diffusione programmi per lotta alla dispersione scolastica;1;3
6;Revisione legge su minori coinvolti in attività di criminalità organizzata;19;1
7;Riconoscimento a livello culturale del lavoro di cura;20;3
8;Memorandum Understanding con Protezione Civile Italiana;5;3
9;Aumento fondi per emergenze nazionali;5;5
10;Aumento fondi per lotta alla povertà diffusa;32;5
11;Migliore applicazione Legge Zampa;24;3
12;Legge su cittadinanza a minori stranieri;30;1
13;Aumento diffusione corsi di lingue non europee nelle scuole;3;3
14;Introduzione dei mediatori culturali nelle scuole;3;1
15;Miglioramento fruizione dei servizi in periferia;13;3
16;Aumento fondi per mense scolastiche;7;5
17;Aumento municipi ingaggiati;28;3
18;Aumento fondi per genitori indigenti;17;5
19;Creazione fondo Minori Vittime di Violenza Assistita;10;5
20;Riconoscimento della violenza assistita come fenomeno;10;2
21;Strutturazione di sistemi di monitoraggio capillari;23;7
22;Aumento visibilità diritti della infanzia nei processi di giustizia internazionale;14;8
23;Riduzione vendite armi a Stati che violano i diritti minorili;27;8
24;Aumento fondi per supporto emergenze;25;10
25;Aumento fondi per lotta alla malnutrizione infantile;6;10
26;Inclusione protezione della infanzia nel patto europeo;15;6
27;Inclusione della tematica Infanzia ed Educazione;9;6
28;Allocazione fondi a ONG;9;10
29;Inclusione della tematica Infanzia;21;7
30;Allocazione fondi a società civile;21;10
31;Aumento processi che prevedono la partecipazione dei ragazzi;29;9
32;Aumento delle attività di piazza con partecipazione dei ragazzi;4;9
33;Allocazione fondi addizionali a ECW;11;10
34;Rilancio supporto al fondo GPE;18;10
35;Inclusione SSD nei manuali militari;16;7
36;Maggior coinvolgimento interstatale per supporto CLP;12;7
37;Aumento coinvolgimento delle aziende su HRB;8;8
38;Rilancio strategia sviluppo sostenibile;2;8
39;Allocazione fondi PIL su FfD;26;10
