﻿1;Arianna;Valentini;1984-02-21;F;VLNRNN84B61G955W;Direttore;1;NULL;NULL;2018-01-01;NULL;2018-01-01;NULL;Attivo;arianna.valentini@childadvocacyfoundation.org;arianna.valentini
2;Federico;Bruno;1962-08-07;M;BRNFDR62M07K983E;Dipendente;1;1;1;2020-12-17;NULL;2020-12-17;NULL;Attivo;federico.bruno@childadvocacyfoundation.org;federico.bruno
3;Sergio;Rinaldi;1973-03-20;M;RNLSRG73C20D874J;Dipendente;1;3;3;2019-05-20;NULL;2019-05-20;NULL;Attivo;sergio.rinaldi@childadvocacyfoundation.org;sergio.rinaldi
4;Francesco;Rizzo;1964-04-09;M;RZZFRN64D09O568T;Dipendente;1;5;5;2018-04-15;NULL;2018-04-15;NULL;Attivo;francesco.rizzo@childadvocacyfoundation.org;francesco.rizzo
5;Silvia;Serra;1977-08-27;F;SRRSLV77M67O034T;Dipendente;1;7;7;2020-06-26;NULL;2020-06-26;NULL;Attivo;silvia.serra@childadvocacyfoundation.org;silvia.serra
6;Claudio;Gatti;1974-09-14;M;GTTCLD74P14S322B;Dipendente;1;1;1;2018-02-22;NULL;2018-02-22;NULL;Attivo;claudio.gatti@childadvocacyfoundation.org;claudio.gatti
7;Alessia;Sartori;1987-12-07;F;SRTLSS87T47K211D;Dipendente;1;9;10;2018-10-21;NULL;2018-10-21;NULL;Attivo;alessia.sartori@childadvocacyfoundation.org;alessia.sartori
8;Alice;Lombardo;1964-05-25;F;LMBLCA64E65V510I;Dipendente;1;3;3;2019-03-07;NULL;2019-03-07;NULL;Attivo;alice.lombardo@childadvocacyfoundation.org;alice.lombardo
9;Elena;Mancini;1986-08-06;F;MNCLNE86M46T189G;Dipendente;1;7;13;2019-02-11;NULL;2019-02-11;NULL;Attivo;elena.mancini@childadvocacyfoundation.org;elena.mancini
10;Nicola;Russo;1961-02-13;M;RSSNCL61B13D323P;Dipendente;1;7;7;2021-12-24;NULL;2021-12-24;NULL;Attivo;nicola.russo@childadvocacyfoundation.org;nicola.russo
11;Diego;Fabbri;1976-01-11;M;FBBDGI76A11Z457V;Dipendente;1;5;5;2020-09-27;NULL;2020-09-27;NULL;Attivo;diego.fabbri@childadvocacyfoundation.org;diego.fabbri
12;Silvia;Rinaldi;1978-06-16;F;RNLSLV78H56A525T;Dipendente;1;5;5;2023-04-26;NULL;2023-04-26;NULL;Attivo;silvia.rinaldi@childadvocacyfoundation.org;silvia.rinaldi
13;Rocco;Testa;1980-08-29;M;TSTRCC80M29N988L;Dipendente;1;9;17;2020-03-04;NULL;2020-03-04;NULL;Attivo;rocco.testa@childadvocacyfoundation.org;rocco.testa
14;Lorenzo;Ferrari;1971-05-20;M;FRRLRN71E20X502C;Dipendente;1;1;1;2024-08-13;NULL;2024-08-13;NULL;Attivo;lorenzo.ferrari@childadvocacyfoundation.org;lorenzo.ferrari
15;Linda;Costa;1988-05-23;F;CSTLND88E63Y796R;Dipendente;1;5;19;2019-02-19;NULL;2019-02-19;NULL;Attivo;linda.costa@childadvocacyfoundation.org;linda.costa
16;Valentina;Sanna;2002-02-14;F;SNNVLN02B54I693I;Dipendente;1;5;20;2022-11-26;NULL;2022-11-26;NULL;Attivo;valentina.sanna@childadvocacyfoundation.org;valentina.sanna
17;Sara;Bianchi;1977-06-07;F;BNCSRA77H47L639W;Dipendente;1;5;20;2022-03-11;2022-04-18;2022-03-11;2023-09-19;Cessato;sara.bianchi@childadvocacyfoundation.org;sara.bianchi
18;Mattia;Salvatore;1977-10-22;M;SLVMTT77R22L599N;Dipendente;1;1;22;2019-08-16;NULL;2019-08-16;NULL;Attivo;mattia.salvatore@childadvocacyfoundation.org;mattia.salvatore
19;Lisa;Morelli;1977-12-30;F;MRLLSI77T70N527V;Dipendente;1;5;5;2019-05-21;NULL;2019-05-21;NULL;Attivo;lisa.morelli@childadvocacyfoundation.org;lisa.morelli
20;Angelo;Fabbri;1999-08-26;M;FBBNGL99M26H210F;Dipendente;1;9;17;2019-08-17;NULL;2019-08-17;NULL;Attivo;angelo.fabbri@childadvocacyfoundation.org;angelo.fabbri
21;Arianna;Riva;1999-07-26;F;RVIRNN99L66Y817G;Dipendente;1;3;24;2018-03-26;NULL;2018-03-26;NULL;Attivo;arianna.riva@childadvocacyfoundation.org;arianna.riva
22;Mattia;Bianchi;1980-05-28;M;BNCMTT80E28V304I;Dipendente;1;5;19;2023-11-07;NULL;2023-11-07;NULL;Attivo;mattia.bianchi@childadvocacyfoundation.org;mattia.bianchi
23;Andrea;Colombo;1978-10-01;M;CLMNDR78R01D598M;Dipendente;1;7;13;2019-01-15;NULL;2019-01-15;2021-04-25;Cessato;andrea.colombo@childadvocacyfoundation.org;andrea.colombo
24;Angelo;De Luca;1989-10-30;M;DLCNGL89R30S974L;Dipendente;1;5;19;2018-03-15;NULL;2018-03-15;NULL;Attivo;angelo.deluca@childadvocacyfoundation.org;angelo.deluca
25;Sergio;Rizzo;1977-05-19;M;RZZSRG77E19A337Y;Dipendente;1;3;3;2021-01-22;NULL;2021-01-22;2021-09-20;Cessato;sergio.rizzo@childadvocacyfoundation.org;sergio.rizzo
26;Giorgia;Gatti;1967-03-13;F;GTTGRG67C53M035L;Dipendente;1;9;17;2022-12-09;NULL;2022-12-09;NULL;Attivo;giorgia.gatti@childadvocacyfoundation.org;giorgia.gatti
27;Alessandro;Messi;1986-11-09;M;MSSLSS86S09C927H;Dipendente;1;5;20;2019-02-21;NULL;2019-02-21;NULL;Attivo;alessandro.messi@childadvocacyfoundation.org;alessandro.messi
28;Andrea;Salvatore;1993-10-17;M;SLVNDR93R17C325C;Dipendente;1;1;22;2019-01-24;NULL;2019-01-24;NULL;Attivo;andrea.salvatore@childadvocacyfoundation.org;andrea.salvatore
29;Martina;Grassi;1980-10-14;F;GRSMRT80R54V650E;Dipendente;1;3;3;2022-05-28;NULL;2022-05-28;NULL;Attivo;martina.grassi@childadvocacyfoundation.org;martina.grassi
30;Stella;Vitale;2000-10-06;F;VTLSTL00R46O969M;Dipendente;1;5;19;2023-12-13;NULL;2023-12-13;NULL;Attivo;stella.vitale@childadvocacyfoundation.org;stella.vitale
31;Giacomo;Moretti;2003-10-03;M;MRTGCM03R03H142P;Dipendente;1;7;28;2024-10-09;NULL;2024-10-09;NULL;Attivo;giacomo.moretti@childadvocacyfoundation.org;giacomo.moretti
32;Emiliano;Lombardo;1967-08-21;M;LMBMLN67M21G991K;Dipendente;1;9;17;2019-11-22;NULL;2019-11-22;NULL;Attivo;emiliano.lombardo@childadvocacyfoundation.org;emiliano.lombardo
33;Chiara;Farina;1978-07-15;F;FRNCHR78L55S590K;Dipendente;1;1;1;2019-08-20;NULL;2019-08-20;NULL;Attivo;chiara.farina@childadvocacyfoundation.org;chiara.farina
34;Ginevra;Costa;1963-04-28;F;CSTGNV63D68N943W;Dipendente;1;3;3;2018-12-12;NULL;2018-12-12;NULL;Attivo;ginevra.costa@childadvocacyfoundation.org;ginevra.costa
35;Miriam;Longo;1970-10-28;F;LNGMRM70R68P504U;Dipendente;1;9;10;2022-03-01;NULL;2022-03-01;NULL;Attivo;miriam.longo@childadvocacyfoundation.org;miriam.longo
36;Edoardo;Riva;1964-05-20;M;RVIDRD64E20D717B;Dipendente;1;1;1;2018-02-25;NULL;2018-02-25;NULL;Attivo;edoardo.riva@childadvocacyfoundation.org;edoardo.riva
37;Mattia;Marini;1976-12-07;M;MRNMTT76T07S688K;Dipendente;1;3;30;2020-09-07;NULL;2020-09-07;NULL;Attivo;mattia.marini@childadvocacyfoundation.org;mattia.marini
38;Domenico;Rizzo;1970-10-28;M;RZZDMN70R28M377I;Dipendente;1;5;5;2020-11-25;NULL;2020-11-25;NULL;Attivo;domenico.rizzo@childadvocacyfoundation.org;domenico.rizzo
39;Alessia;Martini;1997-09-16;F;MRTLSS97P56F653Y;Dipendente;1;5;19;2018-12-09;NULL;2018-12-09;NULL;Attivo;alessia.martini@childadvocacyfoundation.org;alessia.martini
40;Riccardo;Neri;1988-11-30;M;NRERCC88S30V357N;Dipendente;1;7;13;2022-04-25;NULL;2022-04-25;NULL;Attivo;riccardo.neri@childadvocacyfoundation.org;riccardo.neri
41;Pietro;Gallo;1991-04-14;M;GLLPTR91D14C099P;Dipendente;1;3;30;2024-09-06;NULL;2024-09-06;NULL;Attivo;pietro.gallo@childadvocacyfoundation.org;pietro.gallo
42;Salvatore;Monti;1997-06-16;M;MNTSLV97H16U607I;Dipendente;1;9;10;2023-09-15;NULL;2023-09-15;2023-10-09;Cessato;salvatore.monti@childadvocacyfoundation.org;salvatore.monti
43;Simona;Marino;2005-11-05;F;MRNSMN05S45X842H;Dipendente;1;1;31;2024-09-18;NULL;2024-09-18;NULL;Attivo;simona.marino@childadvocacyfoundation.org;simona.marino
44;Francesco;Salvatore;1973-02-26;M;SLVFRN73B26T660F;Dipendente;1;9;10;2023-12-09;NULL;2023-12-09;NULL;Attivo;francesco.salvatore@childadvocacyfoundation.org;francesco.salvatore
45;Giovanni;Barone;1979-09-21;M;BRNGVN79P21I596Q;Dipendente;1;1;1;2018-05-09;NULL;2018-05-09;NULL;Attivo;giovanni.barone@childadvocacyfoundation.org;giovanni.barone
46;Eva;Messina;2001-11-09;F;MSSVEA01S49L956N;Dipendente;1;5;20;2024-04-09;NULL;2024-04-09;NULL;Attivo;eva.messina@childadvocacyfoundation.org;eva.messina
47;Noemi;Gallo;1966-06-14;F;GLLNMO66H54W063F;Dipendente;1;3;30;2020-09-16;NULL;2020-09-16;NULL;Attivo;noemi.gallo@childadvocacyfoundation.org;noemi.gallo
48;Rocco;Caputo;1969-02-11;M;CPTRCC69B11L780O;Dipendente;1;3;24;2018-01-17;NULL;2018-01-17;NULL;Attivo;rocco.caputo@childadvocacyfoundation.org;rocco.caputo
49;Bianca;Rinaldi;1963-11-19;F;RNLBNC63S59X244F;Dipendente;1;5;32;2020-07-11;NULL;2020-07-11;NULL;Attivo;bianca.rinaldi@childadvocacyfoundation.org;bianca.rinaldi
50;Simona;Marino;1976-06-11;F;MRNSMN76H51X914L;Dipendente;1;5;19;2023-01-09;NULL;2023-01-09;NULL;Attivo;simona.marino@childadvocacyfoundation.org;simona.marino
51;Sara;Bianchi;1977-06-07;F;BNCSRA77H47L639W;Dipendente;1;3;24;2022-03-11;NULL;2023-09-19;NULL;Attivo;sara.bianchi@childadvocacyfoundation.org;sara.bianchi
52;Andrea;Colombo;1978-10-01;M;CLMNDR78R01D598M;Dipendente;1;5;32;2019-01-15;NULL;2021-04-25;NULL;Attivo;andrea.colombo@childadvocacyfoundation.org;andrea.colombo
53;Sergio;Rizzo;1977-05-19;M;RZZSRG77E19A337Y;Dipendente;1;9;10;2021-01-22;NULL;2021-09-20;NULL;Attivo;sergio.rizzo@childadvocacyfoundation.org;sergio.rizzo
54;Salvatore;Monti;1997-06-16;M;MNTSLV97H16U607I;Dipendente;1;5;5;2023-09-15;NULL;2023-10-09;NULL;Attivo;salvatore.monti@childadvocacyfoundation.org;salvatore.monti
55;Massimo;Amato;1978-12-27;M;MTAMSS78T27E786S;Direttore;2;NULL;NULL;2018-01-01;NULL;2018-01-01;NULL;Attivo;massimo.amato@childadvocacyfoundation.org;massimo.amato
56;Arianna;Marchetti;1974-11-17;F;MRCRNN74S57G750B;Dipendente;2;2;2;2018-04-17;NULL;2018-04-17;NULL;Attivo;arianna.marchetti@childadvocacyfoundation.org;arianna.marchetti
57;Luna;Messi;1988-08-07;F;MSSLNU88M47I700C;Dipendente;2;4;4;2024-12-17;NULL;2024-12-17;NULL;Attivo;luna.messi@childadvocacyfoundation.org;luna.messi
58;Claudio;D'Angelo;1963-08-16;M;DNGCLD63M16Q721G;Dipendente;2;6;6;2023-02-02;NULL;2023-02-02;NULL;Attivo;claudio.dangelo@childadvocacyfoundation.org;claudio.dangelo
59;Emma;Marra;1964-01-19;F;MRRMME64A59N102K;Dipendente;2;2;8;2021-03-27;NULL;2021-03-27;NULL;Attivo;emma.marra@childadvocacyfoundation.org;emma.marra
60;Lisa;Serra;1995-04-27;F;SRRLSI95D67N541N;Dipendente;2;8;9;2024-03-23;NULL;2024-03-23;NULL;Attivo;lisa.serra@childadvocacyfoundation.org;lisa.serra
61;Nina;Cattaneo;1990-06-04;F;CTTNNI90H44E179N;Dipendente;2;10;11;2019-03-23;NULL;2019-03-23;NULL;Attivo;nina.cattaneo@childadvocacyfoundation.org;nina.cattaneo
62;Domenico;Neri;1976-07-24;M;NREDMN76L24C362Q;Dipendente;2;2;12;2022-08-11;NULL;2022-08-11;NULL;Attivo;domenico.neri@childadvocacyfoundation.org;domenico.neri
63;Caterina;Leone;1973-04-13;F;LNECTR73D53V044I;Dipendente;2;6;14;2024-10-08;NULL;2024-10-08;NULL;Attivo;caterina.leone@childadvocacyfoundation.org;caterina.leone
64;Dario;Monti;2002-06-09;M;MNTDRA02H09Q652Y;Dipendente;2;8;15;2023-02-28;NULL;2023-02-28;NULL;Attivo;dario.monti@childadvocacyfoundation.org;dario.monti
65;Matilde;De Angelis;1977-12-20;F;DNGMTL77T60E298P;Dipendente;2;8;9;2019-09-08;NULL;2019-09-08;NULL;Attivo;matilde.deangelis@childadvocacyfoundation.org;matilde.deangelis
66;Cristina;D'Amico;1984-06-29;F;DMCCRS84H69Y179E;Dipendente;2;10;16;2023-08-21;NULL;2023-08-21;NULL;Attivo;cristina.damico@childadvocacyfoundation.org;cristina.damico
67;Simone;Villa;2001-03-12;M;VLLSMN01C12H541G;Dipendente;2;10;18;2023-05-08;NULL;2023-05-08;2024-03-19;Cessato;simone.villa@childadvocacyfoundation.org;simone.villa
68;Sara;Barbieri;1987-06-25;F;BRBSRA87H65U937W;Dipendente;2;4;4;2021-02-26;NULL;2021-02-26;NULL;Attivo;sara.barbieri@childadvocacyfoundation.org;sara.barbieri
69;Stefano;Palmieri;1964-08-02;M;PLMSTF64M02N560F;Dipendente;2;8;15;2024-11-04;NULL;2024-11-04;NULL;Attivo;stefano.palmieri@childadvocacyfoundation.org;stefano.palmieri
70;Francesca;Ruggiero;1987-01-28;F;RGGFRN87A68A269M;Dipendente;2;2;8;2021-01-17;NULL;2021-01-17;NULL;Attivo;francesca.ruggiero@childadvocacyfoundation.org;francesca.ruggiero
71;Vincenzo;D'Amico;1994-11-17;M;DMCVNC94S17Z917L;Dipendente;2;4;21;2019-10-03;NULL;2019-10-03;NULL;Attivo;vincenzo.damico@childadvocacyfoundation.org;vincenzo.damico
72;Giuseppe;Marra;1966-05-17;M;MRRGSP66E17R823R;Dipendente;2;6;23;2023-12-16;NULL;2023-12-16;NULL;Attivo;giuseppe.marra@childadvocacyfoundation.org;giuseppe.marra
73;Roberta;D'Amico;1980-10-14;F;DMCRBR80R54D669F;Dipendente;2;2;2;2021-03-16;NULL;2021-03-16;NULL;Attivo;roberta.damico@childadvocacyfoundation.org;roberta.damico
74;Rachele;Costa;1989-09-17;F;CSTRCH89P57O063T;Dipendente;2;8;9;2018-04-12;NULL;2018-04-12;NULL;Attivo;rachele.costa@childadvocacyfoundation.org;rachele.costa
75;Giuseppe;Santoro;1962-07-14;M;SNTGSP62L14A722H;Dipendente;2;6;25;2024-11-24;NULL;2024-11-24;NULL;Attivo;giuseppe.santoro@childadvocacyfoundation.org;giuseppe.santoro
76;Claudio;De Rosa;1981-09-17;M;DRSCLD81P17X061B;Dipendente;2;8;15;2024-07-07;NULL;2024-07-07;NULL;Attivo;claudio.derosa@childadvocacyfoundation.org;claudio.derosa
77;Giulia;Guerra;1977-08-07;F;GRRGLI77M47D696F;Dipendente;2;2;2;2023-11-06;NULL;2023-11-06;NULL;Attivo;giulia.guerra@childadvocacyfoundation.org;giulia.guerra
78;Sergio;De Angelis;1978-11-22;M;DNGSRG78S22S336D;Dipendente;2;6;6;2022-05-11;NULL;2022-05-11;NULL;Attivo;sergio.deangelis@childadvocacyfoundation.org;sergio.deangelis
79;Greta;Barbieri;1978-05-09;F;BRBGRT78E49H283B;Dipendente;2;6;6;2020-06-05;NULL;2020-06-05;NULL;Attivo;greta.barbieri@childadvocacyfoundation.org;greta.barbieri
80;Stefano;Mariani;1960-08-13;M;MRNSTF60M13A045T;Dipendente;2;2;26;2022-03-17;NULL;2022-03-17;NULL;Attivo;stefano.mariani@childadvocacyfoundation.org;stefano.mariani
81;Federica;Salvatore;1960-03-12;F;SLVFDR60C52T638M;Dipendente;2;8;9;2018-06-02;NULL;2018-06-02;2019-09-18;Cessato;federica.salvatore@childadvocacyfoundation.org;federica.salvatore
82;Roberto;Barbieri;1989-02-16;M;BRBRBR89B16T478T;Dipendente;2;10;11;2020-02-03;NULL;2020-02-03;NULL;Attivo;roberto.barbieri@childadvocacyfoundation.org;roberto.barbieri
83;Francesco;Guerra;1979-10-30;M;GRRFRN79R30B881I;Dipendente;2;2;26;2023-12-18;NULL;2023-12-18;NULL;Attivo;francesco.guerra@childadvocacyfoundation.org;francesco.guerra
84;Vincenzo;De Angelis;2003-09-14;M;DNGVNC03P14M544Y;Dipendente;2;6;27;2023-08-22;NULL;2023-08-22;NULL;Attivo;vincenzo.deangelis@childadvocacyfoundation.org;vincenzo.deangelis
85;Anna;Farina;2005-05-27;F;FRNNNA05E67O252Z;Dipendente;2;4;29;2023-10-09;NULL;2023-10-09;NULL;Attivo;anna.farina@childadvocacyfoundation.org;anna.farina
86;Serena;De Rosa;1987-02-25;F;DRSSRN87B65T811I;Dipendente;2;6;23;2019-05-17;NULL;2019-05-17;NULL;Attivo;serena.derosa@childadvocacyfoundation.org;serena.derosa
87;Silvia;Palumbo;1995-03-25;F;PLMSLV95C65H125V;Dipendente;2;8;15;2019-03-07;NULL;2019-03-07;NULL;Attivo;silvia.palumbo@childadvocacyfoundation.org;silvia.palumbo
88;Alessandra;Barbieri;1983-06-07;F;BRBLSS83H47I294N;Dipendente;2;2;12;2024-05-25;NULL;2024-05-25;NULL;Attivo;alessandra.barbieri@childadvocacyfoundation.org;alessandra.barbieri
89;Sofia;Mancini;1982-05-28;F;MNCSFO82E68V191K;Dipendente;2;8;9;2021-03-09;NULL;2021-03-09;NULL;Attivo;sofia.mancini@childadvocacyfoundation.org;sofia.mancini
90;Angelo;Pellegrini;1998-01-31;M;PLLNGL98A31Q524Z;Dipendente;2;10;16;2022-04-24;NULL;2022-04-24;NULL;Attivo;angelo.pellegrini@childadvocacyfoundation.org;angelo.pellegrini
91;Ginevra;Riva;1965-03-20;F;RVIGNV65C60I699G;Dipendente;2;4;21;2022-06-24;NULL;2022-06-24;NULL;Attivo;ginevra.riva@childadvocacyfoundation.org;ginevra.riva
92;Giuseppe;De Rosa;1966-02-08;M;DRSGSP66B08S604B;Dipendente;2;10;18;2024-10-10;NULL;2024-10-10;NULL;Attivo;giuseppe.derosa@childadvocacyfoundation.org;giuseppe.derosa
93;Stella;Palmieri;1972-05-19;F;PLMSTL72E59O736Q;Dipendente;2;2;26;2022-06-05;NULL;2022-06-05;NULL;Attivo;stella.palmieri@childadvocacyfoundation.org;stella.palmieri
94;Sofia;Vitale;1978-10-28;F;VTLSFO78R68A680J;Dipendente;2;6;23;2022-12-15;NULL;2022-12-15;NULL;Attivo;sofia.vitale@childadvocacyfoundation.org;sofia.vitale
95;Greta;Testa;1990-04-17;F;TSTGRT90D57H873Q;Dipendente;2;2;8;2020-02-26;NULL;2020-02-26;2021-07-19;Cessato;greta.testa@childadvocacyfoundation.org;greta.testa
96;Nicol├▓;Neri;1987-08-13;M;NRENCL87M13Q740A;Dipendente;2;10;18;2021-12-21;NULL;2021-12-21;NULL;Attivo;nicol├▓.neri@childadvocacyfoundation.org;nicol├▓.neri
97;Laura;Barbieri;2001-09-29;F;BRBLRA01P69I001Z;Dipendente;2;6;6;2022-02-19;NULL;2022-02-19;NULL;Attivo;laura.barbieri@childadvocacyfoundation.org;laura.barbieri
98;Andrea;Moretti;1987-12-08;M;MRTNDR87T08Y651Y;Dipendente;2;2;26;2019-05-04;NULL;2019-05-04;NULL;Attivo;andrea.moretti@childadvocacyfoundation.org;andrea.moretti
99;Carolina;Testa;1987-03-04;F;TSTCRL87C44O852X;Dipendente;2;2;12;2021-08-20;NULL;2021-08-20;NULL;Attivo;carolina.testa@childadvocacyfoundation.org;carolina.testa
100;Giorgia;Palumbo;1984-04-22;F;PLMGRG84D62Q222F;Dipendente;2;8;9;2019-11-24;NULL;2019-11-24;NULL;Attivo;giorgia.palumbo@childadvocacyfoundation.org;giorgia.palumbo
101;Alessandro;Parisi;1991-08-22;M;PRSLSS91M22X158Y;Dipendente;2;8;9;2018-07-20;NULL;2018-07-20;NULL;Attivo;alessandro.parisi@childadvocacyfoundation.org;alessandro.parisi
102;Lisa;Silvestri;2001-12-05;F;SLVLSI01T45U503D;Dipendente;2;4;29;2020-11-03;NULL;2020-11-03;NULL;Attivo;lisa.silvestri@childadvocacyfoundation.org;lisa.silvestri
103;Miriam;Conte;1999-07-17;F;CNTMRM99L57X125Q;Dipendente;2;10;18;2024-06-12;NULL;2024-06-12;NULL;Attivo;miriam.conte@childadvocacyfoundation.org;miriam.conte
104;Tommaso;Grassi;1994-10-31;M;GRSTMM94R31D541M;Dipendente;2;4;29;2018-01-19;NULL;2018-01-19;NULL;Attivo;tommaso.grassi@childadvocacyfoundation.org;tommaso.grassi
105;Simone;Villa;2001-03-12;M;VLLSMN01C12H541G;Dipendente;2;10;11;2023-05-08;NULL;2024-03-19;NULL;Attivo;simone.villa@childadvocacyfoundation.org;simone.villa
106;Federica;Salvatore;1960-03-12;F;SLVFDR60C52T638M;Dipendente;2;6;27;2018-06-02;NULL;2019-09-18;NULL;Attivo;federica.salvatore@childadvocacyfoundation.org;federica.salvatore
107;Greta;Testa;1990-04-17;F;TSTGRT90D57H873Q;Dipendente;2;6;25;2020-02-26;NULL;2021-07-19;NULL;Attivo;greta.testa@childadvocacyfoundation.org;greta.testa
