﻿1;Affari Costituzionali Della Presidenza Del Consiglio E Interni;1
2;Commissione Permanente Giustizia della Camera;1
3;Affari Esteri E Comunitari;1
4;Commissione Permanente Difesa della Camera;1
5;Bilancio Tesoro E Programmazione;1
6;Finanze;1
7;Cultura Scienza E Istruzione;1
8;Ambiente Territorio E Lavori Pubblici;1
9;Trasporti Poste E Telecomunicazioni;1
10;Attivita'┬á Produttive Commercio E Turismo;1
11;Lavoro Pubblico E Privato;1
12;Affari Sociali;1
13;Agricoltura;1
14;Politiche Dell'Unione Europea;1
15;Affari costituzionali affari della Presidenza del Consiglio e dell'Interno ordinamento generale dello Stato e della Pubblica Amministrazione editoria digitalizzazione;2
16;Commissione Permanente Giustizia del Senato;2
17;Affari esteri e difesa;2
18;Politiche dell'Unione europea;2
19;Programmazione economica bilancio;2
20;Finanze e tesoro;2
21;Cultura e patrimonio culturale istruzione pubblica ricerca scientifica spettacolo e sport;2
22;Ambiente transizione ecologica energia lavori pubblici comunicazioni innovazione tecnologica;2
23;Industria commercio turismo agricoltura e produzione agroalimentare;2
24;Affari sociali sanit├á lavoro pubblico e privato previdenza sociale;2
25;Presidente del Consiglio dei ministri;3
26;Ministro senza portafoglio per i rapporti con il Parlamento;4
27;Ministro senza portafoglio per la pubblica amministrazione;5
28;Ministro senza portafoglio per gli affari regionali e le autonomie;6
29;Ministro senza portafoglio per la protezione civile e le politiche del mare;7
30;Ministro senza portafoglio per gli affari europei il Sud le politiche di coesione e il PNRR;8
31;Ministro senza portafoglio per lo sport e i giovani;9
32;Ministro senza portafoglio per la famiglia la natalit├á e le pari opportunit├á;10
33;Ministro senza portafoglio per le disabilit├á;11
34;Ministro senza portafoglio per le riforme istituzionali e la semplificazione normativa;12
35;Affari esteri e coop. inter.le;13
36;Interno;14
37;Ministro della Giustizia;15
38;Ministro della Difesa;16
39;Economia e finanze;17
40;Imprese e made in Italy;18
41;Agricoltura sovranit├á alimentare e foreste;19
42;Ambiente e sicurezza energetica;20
43;Infrastrutture e trasporti;21
44;Lavoro e politiche sociali;22
45;Istruzione e merito;23
46;Universit├á e ricerca;24
47;Cultura;25
48;Turismo;26
49;Salute;27
50;Polonia;28
51;Bulgaria;28
52;Italia;28
53;Malta;28
54;Spagna;28
55;Finlandia;28
56;Portogallo;28
57;Francia;28
58;Svezia;28
59;Lettonia;28
60;Germania;28
61;Irlanda;28
62;Lussemburgo;28
63;Belgio;28
64;Estonia;28
65;Ungheria;28
66;Grecia;28
67;Danimarca;28
68;Lituania;28
69;Romania;28
70;Paesi Bassi;28
71;Slovacchia;28
72;Austria;28
73;Cechia;28
74;Slovenia;28
75;Croazia;28
76;Cipro;28
77;2i Rete Gas;29
78;A2A;29
79;Acea;29
80;Acquedotto del Fiora;29
81;Aeffe;30
82;Alba Leasing;31
83;Alfaparf Group;32
84;Ambienthesis;33
85;Amplifon;34
86;Andriani Societ├á Benefit;35
87;Anima;36
88;Aquila Energie;29
89;Arca Etichette Societ├á Benefit;37
90;Armani;30
91;Artemide;38
92;Aspiag Service;34
93;ASTM;39
94;Atlantia;40
95;Autogrill;41
96;Banca di Asti;42
97;Banca di Credito Popolare;42
98;Banca Etica;42
99;Banca Generali;42
100;Banca Ifis;42
101;Banca Mediolanum;42
102;Banca Nazionale del Lavoro;42
103;Banca Popolare dellÔÇÖAlto Adige;42
104;Banca Popolare di Sondrio;42
105;Banca Popolare Pugliese;42
106;Banco BPM;42
107;Banco Desio;42
108;Barilla;35
109;Beghelli;37
110;BFF Bank;42
111;Biesse;37
112;BPER Banca;42
113;BPPB - Banca Popolare di Puglia e Basilicata;42
114;Bracco;43
115;Branca International;35
116;Brembo;44
117;Brunello Cucinelli;30
118;Caleffi;38
119;Calzedonia;30
120;Campari Group;35
121;Camst Group;41
122;Carel;37
123;Carraro;37
124;Cassa Centrale Banca;42
125;CDP;31
126;Cedacri;31
127;Cefla;39
128;Cembre;37
129;Cerved Group;31
130;CIR;40
131;CIR Food;41
132;CiviBank Societ├á Benefit;42
133;Coesia;37
134;Coima Res;36
135;Comer Industries;37
136;Coop Alleanza 3.0;34
137;Credem - Credito Emiliano;42
138;Cr├®dit Agricole Italia;42
139;Credito Valtellinese;42
140;Danieli;39
141;Davines Societ├á Benefit;32
142;De Longhi Group;38
143;doValue;31
144;EI Towers;45
145;El.en.;46
146;Elica;38
147;Emak;38
148;Enav;47
149;Enel;29
150;Engie Italia;29
151;Engineering;46
152;ENI;29
153;Epta;38
154;ERG;29
155;Esprinet;34
156;Esselunga;34
157;F.I.L.A.;38
158;Fameccanica;37
159;Farchioni Olii;35
160;Fastweb;45
161;Favero Health Projects;48
162;Fedabo Societ├á Benefit;29
163;Ferrarelle;35
164;Ferrari;44
165;Ferrero;35
166;Ferrovie dello Stato Italiane;47
167;Fiera Milano;49
168;Findomestic;42
169;FinecoBank;42
170;Florim Societ├á Benefit;38
171;FNM;47
172;Fratelli Carli Societ├á Benefit;35
173;Gefran;37
174;Generali;50
175;Geox;30
176;Gestore dei Servizi Energetici - GSE;29
177;GHC Garofalo Healthcare;48
178;Granarolo;35
179;Gruppo BCC Iccrea;42
180;Gruppo Chiesi;43
181;Gruppo CLN;37
182;Gruppo Dolomiti Energia;29
183;Gruppo Hera;29
184;Gruppo Mapei;51
185;Gruppo Orsero;35
186;Gruppo Piaggio;44
187;Gruppo Somec;39
188;Gruppo Tea;29
189;Gruppo TIM;45
190;Helvetia Italia;50
191;I.CO.P. Societ├á Benefit;39
192;igd SiiQ;36
193;iGuzzini Illuminazione;38
194;Illimity;42
195;Illycaff├¿ SpA;35
196;IMA;37
197;Indel B;38
198;InfoCamere;49
199;Intercos;32
200;Intesa Sanpaolo;42
201;INWIT;45
202;Italchimica;51
203;Italgas;29
204;Italmobiliare;40
205;La Doria;35
206;La Molisana;35
207;Landi Renzo;37
208;Lavazza;35
209;Liquigas;29
210;Lu-Ve;37
211;Maire Tecnimont;39
212;Manini Prefabbricati;39
213;Manni Group;39
214;Marcegaglia Steel;37
215;Marr;41
216;Mediaset;52
217;Mediobanca;42
218;Moncler;30
219;Mondadori;52
220;Monini;35
221;Newlat Food;35
222;Nexi;31
223;NWG Italia Societ├á Benefit;29
224;Openjobmetis;49
225;Osai Automation System;37
226;OVS;30
227;Pietro Fiorentini;29
228;Pink Frogs;32
229;Piquadro;30
230;Pirelli;44
231;Poste Italiane;53
232;Prada;30
233;Progeva;33
234;Prysmian Group;39
235;Publiacqua;29
236;RAI;52
237;Ratti Group;30
238;Recordati;43
239;Reply;46
240;Reti Societ├á Benefit;46
241;Riso Gallo;35
242;Roelmi HPC;32
243;Sabaf;37
244;SAES Getters;51
245;Saipem;39
246;Salvatore Ferragamo;30
247;Sara Assicurazioni;50
248;Sciuker Frames;39
249;SEA Impianti;39
250;Sella;42
251;Sesa;46
252;SIT;37
253;Snam;29
254;Sofidel;38
255;SOL Group;51
256;Sparkasse - Cassa di Risparmio;42
257;Spindox;46
258;Sto Italia;39
259;Systema Ambiente;33
260;Tas Group;31
261;Techedge;46
262;Technogym;38
263;Terna;29
264;Tesmec;37
265;Tiscali;45
266;Tod's;30
267;Treedom Societ├á Benefit;49
268;UniAcque;29
269;Unicredit;42
270;Unieuro;34
271;Unipol;50
272;Vittoria Assicurazioni;50
273;Vodafone Italia;45
274;Way2Global Societ├á Benefit;49
275;webuild;39
276;Zucchi Group;38
277;Rettore Universit├á Iuav di Venezia;54
278;Rettore Universit├á dell'Aquila;54
279;Direttore Scuola Normale Superiore di Pisa;54
280;Rettore Universit├á Cattolica del Sacro Cuore di Milano;54
281;Rettore Universit├á Piemonte Orientale A. Avogadro;54
282;Rettore Universit├á Europea di Roma;54
283;Rettore Universit├á di Milano Bocconi;54
284;Rettore Universit├á degli Studi di Scienze Gastronomiche;54
285;Rettore LUMSA;54
286;Rettore Universit├á di Bari Aldo Moro;54
287;Rettore Universit├á del Molise;54
288;Rettore Universit├á di Urbino;54
289;Rettore Universit├á del Sannio;54
290;Rettore IULM Milano;54
291;Rettore Universit├á di Brescia;54
292;Rettore Universit├á di Bergamo;54
293;Rettrice Universit├á della Valle dÔÇÖAosta;54
294;Rettore Politecnico di Torino;54
295;"""Rettore Universit├á """"Magna Graecia"""" di Catanzaro""";54
296;Rettore Politecnico di Bari;54
297;Rettore Universit├á Suor Orsola Benincasa;54
298;Rettore Universit├á per Stranieri di Perugia;54
299;Rettore Scuola IMT Alti Studi Lucca;54
300;Rettore Universit├á degli studi di Trento;54
301;Rettore Universit├á di Genova;54
302;Rettore Universit├á degli Studi di Cassino e del Lazio Meridionale;54
303;Rettore Universit├á di Trieste;54
304;Rettore Universit├á di Siena;54
305;Rettore Universit├á di Roma Tre;54
306;Rettore Universit├á di Milano;54
307;Rettore Universit├á Parthenope Napoli;54
308;Rettore Bari LUM;54
309;Rettore Universit├á di Torino;54
310;Rettore Universit├á Vita Salute S. Raffaele;54
311;Rettore Link Campus University Roma;54
312;Rettore Universit├á Politecnica delle Marche;54
313;Rettore Universit├á Campus Bio-Medico Roma;54
314;Rettrice Universit├á di Milano Bicocca;54
315;Rettrice Gran Sasso Science Institute GSSI;54
316;Rettore Universit├á della Calabria;54
317;Rettore Universit├á di Camerino;54
318;Rettore Universit├á di Roma Tor Vergata;54
319;Rettrice Universit├á CaÔÇÖ Foscari Venezia;54
320;Rettore Universit├á di Foggia;54
321;Rettore Universit├á di Salerno;54
322;Rettore Federico II Napoli;54
323;Rettore Libera Universit├á di Bolzano;54
324;Rettore della Basilicata;54
325;Rettrice Universit├á di Padova;54
326;Rettore Universit├á di Sassari;54
327;Rettore Universit├á di Parma;54
328;Rettore Universit├á di Teramo;54
329;Rettore Universit├á di Macerata;54
330;Rettore Universit├á di Palermo;54
331;Rettore Universit├á di Cagliari;54
332;Rettore di Bologna;54
333;Rettore Universit├á per Stranieri di Siena;54
334;"""Rettore Universit├á degli Studi della Campania """"Luigi Vanvitelli""""""";54
335;Rettore Universit├á di Verona;54
336;NULL;54
337;Rettore Universit├á di Perugia;54
338;Rettore Universit├á di Roma Foro Italico;54
339;Rettrice Universit├á di Firenze;54
340;Rettore Istituto Universitario di Studi Superiori di Pavia;54
341;Rettore Universit├á di Udine;54
342;Rettrice della Sapienza Universit├á di Roma;54
343;Rettore Universit├á del Salento;54
344;Rettore Universit├á di Modena e Reggio Emilia;54
345;Rettore LUISS Roma;54
346;Rettore Universit├á di Catania;54
347;Rettrice Universit├á di Ferrara;54
348;Direttore Scuola Internazionale Superiore di Studi Avanzati;54
349;Rettrice Universit├á degli Studi Internazionali di Roma - UNINT;54
350;Rettrice Politecnico di Milano;54
351;Rettrice Universit├á di Messina;54
352;Rettore Universit├á di Chieti - Pescara;54
353;Rettore Universit├á di Pavia;54
354;Rettore Universit├á dell'Insubria;54
355;Rettore Humanitas University;54
356;"""Rettore Libera Universit├á degli Studi di Enna """"Kore""""""";54
357;Rettore L'Orientale di Napoli;54
358;Rettore Universit├á della Tuscia;54
359;Rettore Universit├á Carlo Cattaneo - LIUC;54
360;Rettore di Reggio Calabria;54
361;Rettore Universit├á di Pisa;54
