﻿1;Dispersione Scolastica;NULL;1
2;Agenda 2030;NULL;2
3;Inclusione;NULL;3
4;Generation Hope;NULL;4
5;Supporto a Famiglie Vittime di Emergenze;NULL;5
6;Fame;NULL;6
7;Mense Scolastiche;NULL;7
8;Human Rights and Business;NULL;2
9;Piano Mattei;NULL;8
10;Supporto a Minori Vittime di Violenza Assistita;NULL;9
11;Education Cannot Wait;NULL;10
12;Child Labour Policy;NULL;2
13;Periferie;NULL;7
14;Accountability;NULL;6
15;Patto Asilo Migrazione;NULL;8
16;Safe School Declaration;NULL;10
17;Supporto alla Genitorialit├á;NULL;9
18;Global Partnership for Education;NULL;10
19;Criminalit├á Minorile;NULL;5
20;Lavoro di Cura;NULL;5
21;Processo COP;NULL;4
22;Bullismo;NULL;1
23;Children and Armed Conflict;NULL;6
24;Minori Stranieri non Accompagnati;NULL;3
25;Aree Geografiche;NULL;6
26;Financing for Development;NULL;2
27;Armi;NULL;6
28;Quartieri dÔÇÖInnovazione;NULL;7
29;Partecipazione Giovanile;NULL;4
30;Cittadinanza;NULL;3
31;Povert├á Educativa;NULL;1
32;Reddito di Inclusione/Cittadinanza;NULL;5
